filename,label
daisydais21652746_cc379e0eea_m.jpg,daisydais
daisydais134409839_71069a95d1_m.jpg,daisydais
daisydais176375506_201859bb92_m.jpg,daisydais
daisydais525780443_bba812c26a_m.jpg,daisydais
daisydaisdaisy34539556222_f7ba32f704n.jpg,daisydais
dandelion11405573_24a8a838cc_n.jpg,dandelion
dandelion13920113_f03e867ea7_m.jpg,dandelion
dandelion15987457_49dc11bf4b.jpg,dandelion
dandelion80846315_d997645bea_n.jpg,dandelion
dandelion144040769_c5b805f868.jpg,dandelion
roserosee12240303_80d87f77a3_n.jpg,roserosee
roserosee394990940_7af082cf8d_n.jpg,roserosee
roserosee568715474_bdb64ccc32.jpg,roserosee
roserosee685724528_6cd5cbe203.jpg,roserosee
roserosee1469726748_f359f4a8c5.jpg,roserosee
sunflower44079668_34dfee3da1_n.jpg,sunflower
sunflower145303599_2627e23815_n.jpg,sunflower
sunflower164670176_9f5b9c7965.jpg,sunflower
sunflower164670455_29d8e02bbd_n.jpg,sunflower
sunflower200288046_0032f322ff_n.jpg,sunflower
tuliptuli112428665_d8f3632f36_n.jpg,tuliptuli
tuliptuli112428919_f0c5ad7d9d_n.jpg,tuliptuli
tuliptuli112650879_82adc2cc04_n.jpg,tuliptuli
tuliptuli112651128_7b5d39a346_m.jpg,tuliptuli
tuliptuli130685040_3c2fcec63e_n.jpg,tuliptuli
